{
  "test_metrics": {
    "accuracy": 0.9597537838863358,
    "macro_f1": 0.7218816638010136,
    "weighted_f1": 0.9618722526493722,
    "defect_macro_f1": 0.6892775955533013
  },
  "accuracy": 0.9597537838863358,
  "macro_f1": 0.7218816638010136,
  "weighted_f1": 0.9618722526493722,
  "class_names": [
    "Center",
    "Donut",
    "Edge-Loc",
    "Edge-Ring",
    "Loc",
    "Near-full",
    "Random",
    "Scratch",
    "Normal"
  ],
  "normal_class_idx": 8,
  "normal_class_name": "Normal",
  "defect_class_names": [
    "Center",
    "Donut",
    "Edge-Loc",
    "Edge-Ring",
    "Loc",
    "Near-full",
    "Random",
    "Scratch"
  ],
  "per_class_recall": {
    "Center": 0.6911057692307693,
    "Donut": 0.7876712328767124,
    "Edge-Loc": 0.7831890331890332,
    "Edge-Ring": 0.7992895204262878,
    "Loc": 0.617840851495185,
    "Near-full": 0.9263157894736842,
    "Random": 0.7315175097276264,
    "Scratch": 0.5873015873015873,
    "Normal": 0.9770372444693364
  },
  "per_class_metrics": {
    "Center": {
      "precision": 0.5587949465500486,
      "recall": 0.6911057692307693,
      "f1": 0.6179473401397099,
      "support": 832
    },
    "Donut": {
      "precision": 0.46558704453441296,
      "recall": 0.7876712328767124,
      "f1": 0.5852417302798982,
      "support": 146
    },
    "Edge-Loc": {
      "precision": 0.6374045801526718,
      "recall": 0.7831890331890332,
      "f1": 0.7028164454516025,
      "support": 2772
    },
    "Edge-Ring": {
      "precision": 0.8387698042870456,
      "recall": 0.7992895204262878,
      "f1": 0.8185538881309686,
      "support": 1126
    },
    "Loc": {
      "precision": 0.6128707893413776,
      "recall": 0.617840851495185,
      "f1": 0.6153457849570924,
      "support": 1973
    },
    "Near-full": {
      "precision": 0.967032967032967,
      "recall": 0.9263157894736842,
      "f1": 0.946236559139785,
      "support": 95
    },
    "Random": {
      "precision": 0.8281938325991189,
      "recall": 0.7315175097276264,
      "f1": 0.7768595041322314,
      "support": 257
    },
    "Scratch": {
      "precision": 0.36633663366336633,
      "recall": 0.5873015873015873,
      "f1": 0.45121951219512196,
      "support": 693
    },
    "Normal": {
      "precision": 0.9884575313922246,
      "recall": 0.9770372444693364,
      "f1": 0.9827142097827124,
      "support": 110701
    }
  },
  "classification_report": {
    "Center": {
      "precision": 0.5587949465500486,
      "recall": 0.6911057692307693,
      "f1-score": 0.6179473401397099,
      "support": 832.0
    },
    "Donut": {
      "precision": 0.46558704453441296,
      "recall": 0.7876712328767124,
      "f1-score": 0.5852417302798982,
      "support": 146.0
    },
    "Edge-Loc": {
      "precision": 0.6374045801526718,
      "recall": 0.7831890331890332,
      "f1-score": 0.7028164454516025,
      "support": 2772.0
    },
    "Edge-Ring": {
      "precision": 0.8387698042870456,
      "recall": 0.7992895204262878,
      "f1-score": 0.8185538881309686,
      "support": 1126.0
    },
    "Loc": {
      "precision": 0.6128707893413776,
      "recall": 0.617840851495185,
      "f1-score": 0.6153457849570924,
      "support": 1973.0
    },
    "Near-full": {
      "precision": 0.967032967032967,
      "recall": 0.9263157894736842,
      "f1-score": 0.946236559139785,
      "support": 95.0
    },
    "Random": {
      "precision": 0.8281938325991189,
      "recall": 0.7315175097276264,
      "f1-score": 0.7768595041322314,
      "support": 257.0
    },
    "Scratch": {
      "precision": 0.36633663366336633,
      "recall": 0.5873015873015873,
      "f1-score": 0.45121951219512196,
      "support": 693.0
    },
    "Normal": {
      "precision": 0.9884575313922246,
      "recall": 0.9770372444693364,
      "f1-score": 0.9827142097827124,
      "support": 110701.0
    },
    "accuracy": 0.9597537838863358,
    "macro avg": {
      "precision": 0.6959386810614705,
      "recall": 0.7668076153544692,
      "f1-score": 0.7218816638010136,
      "support": 118595.0
    },
    "weighted avg": {
      "precision": 0.9649247428967335,
      "recall": 0.9597537838863358,
      "f1-score": 0.9618722526493722,
      "support": 118595.0
    }
  },
  "confusion_matrix": [
    [
      575,
      11,
      4,
      0,
      8,
      0,
      0,
      7,
      227
    ],
    [
      5,
      115,
      1,
      0,
      8,
      0,
      4,
      7,
      6
    ],
    [
      9,
      1,
      2171,
      83,
      94,
      0,
      10,
      28,
      376
    ],
    [
      4,
      0,
      50,
      900,
      0,
      0,
      1,
      0,
      171
    ],
    [
      82,
      65,
      138,
      0,
      1219,
      0,
      5,
      137,
      327
    ],
    [
      0,
      0,
      0,
      0,
      0,
      88,
      7,
      0,
      0
    ],
    [
      7,
      10,
      19,
      0,
      9,
      3,
      188,
      5,
      16
    ],
    [
      6,
      3,
      13,
      1,
      123,
      0,
      0,
      407,
      140
    ],
    [
      341,
      42,
      1010,
      89,
      528,
      0,
      12,
      520,
      108159
    ]
  ],
  "binary_confusion_matrix": [
    [
      108159,
      2542
    ],
    [
      1263,
      6631
    ]
  ],
  "normal_as_defect_count": 2542,
  "defect_as_normal_count": 1263,
  "normal_as_defect_rate": 0.02296275553066368,
  "defect_as_normal_rate": 0.1599949328604003,
  "best_val_macro_f1": 0.9959449417106592,
  "best_epoch": 19,
  "history": {
    "train_loss": [
      0.18964419927245565,
      0.12371164497747372,
      0.11546498209825701,
      0.11171750451698027,
      0.10676141139747586,
      0.1069663033517975,
      0.10257693597002025,
      0.102703939180003,
      0.09964860240795564,
      0.09926427891083046,
      0.09668181250618303,
      0.09835875796484371,
      0.09587235383729559,
      0.09578982394534796,
      0.09366637767435258,
      0.09365646936313375,
      0.09147572070918158,
      0.0925402027575351,
      0.09187151361372545,
      0.09182329475363622
    ],
    "val_loss": [
      0.05177360160519804,
      0.04464112122049512,
      0.07651583911055644,
      0.049826956536142976,
      0.0511380266896176,
      0.030407584397734923,
      0.03366572794184429,
      0.033987434064206,
      0.027690534258564225,
      0.02667846846553459,
      0.04212865208019542,
      0.027769843341637863,
      0.025613041400456213,
      0.02431147553068708,
      0.02522108383131343,
      0.024331449108188692,
      0.025385750192204966,
      0.023881512226457832,
      0.024784865676954676,
      0.024079269263779148
    ],
    "val_accuracy": [
      0.9847927397596272,
      0.9885945548197204,
      0.9746136865342163,
      0.9867549668874173,
      0.9858964925190091,
      0.9943585970076037,
      0.9947265145940642,
      0.9936227618346823,
      0.9948491537895512,
      0.9946038753985774,
      0.9898209467745892,
      0.9952170713760118,
      0.9958302673534462,
      0.9963208241353937,
      0.9955849889624724,
      0.9964434633308805,
      0.9955849889624724,
      0.9964434633308805,
      0.9964434633308805,
      0.9961981849399068
    ],
    "val_macro_f1": [
      0.9825096525096525,
      0.9870085641110817,
      0.9715056184160749,
      0.9850100578414396,
      0.9840550661439034,
      0.9935596101960784,
      0.9939955499644645,
      0.9927366802307747,
      0.9941231181924763,
      0.9938468943157073,
      0.988456907207661,
      0.9945509142767893,
      0.995249979028605,
      0.9958063451016939,
      0.9949705660302877,
      0.995944146033795,
      0.9949695831353742,
      0.995944146033795,
      0.9959449417106592,
      0.9956661321413239
    ],