{
  "test_metrics": {
    "loss": 0.24943586778898988,
    "accuracy": 0.9821531819758702,
    "macro_f1": 0.9017266250064979,
    "weighted_f1": 0.981758755406454,
    "macro_precision": 0.9141863781402777,
    "macro_recall": 0.890678998383015,
    "gated_replaced": 0.0,
    "defect_macro_f1": 0.8903719677566737
  },
  "best_val_macro_f1": 0.9025268791824347,
  "best_epoch": 20,
  "class_names": [
    "Center",
    "Donut",
    "Edge-Loc",
    "Edge-Ring",
    "Loc",
    "Near-full",
    "Random",
    "Scratch",
    "Normal"
  ],
  "normal_class_idx": 8,
  "normal_class_name": "Normal",
  "defect_class_names": [
    "Center",
    "Donut",
    "Edge-Loc",
    "Edge-Ring",
    "Loc",
    "Near-full",
    "Random",
    "Scratch"
  ],
  "per_class_recall": {
    "Center": 0.9332298136645962,
    "Donut": 0.7951807228915663,
    "Edge-Loc": 0.8523748395378691,
    "Edge-Ring": 0.9882920110192838,
    "Loc": 0.7551020408163265,
    "Near-full": 1.0,
    "Random": 0.8692307692307693,
    "Scratch": 0.8268156424581006,
    "Normal": 0.9958851458286231
  },
  "per_class_metrics": {
    "Center": {
      "precision": 0.9554848966613673,
      "recall": 0.9332298136645962,
      "f1": 0.9442262372348782,
      "support": 644
    },
    "Donut": {
      "precision": 0.7764705882352941,
      "recall": 0.7951807228915663,
      "f1": 0.7857142857142857,
      "support": 83
    },
    "Edge-Loc": {
      "precision": 0.9146005509641874,
      "recall": 0.8523748395378691,
      "f1": 0.8823920265780731,
      "support": 779
    },
    "Edge-Ring": {
      "precision": 0.9896551724137931,
      "recall": 0.9882920110192838,
      "f1": 0.988973121984838,
      "support": 1452
    },
    "Loc": {
      "precision": 0.8586497890295358,
      "recall": 0.7551020408163265,
      "f1": 0.8035538005923001,
      "support": 539
    },
    "Near-full": {
      "precision": 0.9565217391304348,
      "recall": 1.0,
      "f1": 0.9777777777777777,
      "support": 22
    },
    "Random": {
      "precision": 0.9112903225806451,
      "recall": 0.8692307692307693,
      "f1": 0.889763779527559,
      "support": 130
    },
    "Scratch": {
      "precision": 0.8757396449704142,
      "recall": 0.8268156424581006,
      "f1": 0.8505747126436781,
      "support": 179
    },
    "Normal": {
      "precision": 0.989264699276827,
      "recall": 0.9958851458286231,
      "f1": 0.9925638830050926,
      "support": 22115
    }
  },
  "confusion_matrix": [
    [
      601,
      5,
      1,
      0,
      5,
      0,
      2,
      1,
      29
    ],
    [
      1,
      66,
      1,
      0,
      9,
      0,
      3,
      1,
      2
    ],
    [
      1,
      0,
      664,
      6,
      18,
      1,
      1,
      1,
      87
    ],
    [
      0,
      0,
      9,
      1435,
      0,
      0,
      1,
      0,
      7
    ],
    [
      12,
      10,
      17,
      0,
      407,
      0,
      1,
      9,
      83
    ],
    [
      0,
      0,
      0,
      0,
      0,
      22,
      0,
      0,
      0
    ],
    [
      3,
      2,
      4,
      0,
      1,
      0,
      113,
      0,
      7
    ],
    [
      0,
      2,
      0,
      0,
      4,
      0,
      1,
      148,
      24
    ],
    [
      11,
      0,
      30,
      9,
      30,
      0,
      2,
      9,
      22024
    ]
  ],
  "classification_report": {
    "Center": {
      "precision": 0.9554848966613673,
      "recall": 0.9332298136645962,
      "f1-score": 0.9442262372348782,
      "support": 644.0
    },
    "Donut": {
      "precision": 0.7764705882352941,
      "recall": 0.7951807228915663,
      "f1-score": 0.7857142857142857,
      "support": 83.0
    },
    "Edge-Loc": {
      "precision": 0.9146005509641874,
      "recall": 0.8523748395378691,
      "f1-score": 0.8823920265780731,
      "support": 779.0
    },
    "Edge-Ring": {
      "precision": 0.9896551724137931,
      "recall": 0.9882920110192838,
      "f1-score": 0.988973121984838,
      "support": 1452.0
    },
    "Loc": {
      "precision": 0.8586497890295358,
      "recall": 0.7551020408163265,
      "f1-score": 0.8035538005923001,
      "support": 539.0
    },
    "Near-full": {
      "precision": 0.9565217391304348,
      "recall": 1.0,
      "f1-score": 0.9777777777777777,
      "support": 22.0
    },
    "Random": {
      "precision": 0.9112903225806451,
      "recall": 0.8692307692307693,
      "f1-score": 0.889763779527559,
      "support": 130.0
    },
    "Scratch": {
      "precision": 0.8757396449704142,
      "recall": 0.8268156424581006,
      "f1-score": 0.8505747126436781,
      "support": 179.0
    },
    "Normal": {
      "precision": 0.989264699276827,
      "recall": 0.9958851458286231,
      "f1-score": 0.9925638830050926,
      "support": 22115.0
    },
    "accuracy": 0.9821531819758702,
    "macro avg": {
      "precision": 0.9141863781402777,
      "recall": 0.890678998383015,
      "f1-score": 0.9017266250064979,
      "support": 25943.0
    },
    "weighted avg": {
      "precision": 0.9816097656115095,
      "recall": 0.9821531819758702,
      "f1-score": 0.981758755406454,
      "support": 25943.0
    }
  },
  "history": {
    "train_loss": [
      0.480689301038146,
      0.32889475895433207,
      0.31116606521683643,
      0.3007230657560058,
      0.29434163745440756,
      0.28636183819767347,
      0.28127857185060773,
      0.2744157221533842,
      0.2708212840342832,
      0.26592790982006864,
      0.2628894055846,
      0.2606772190260334,
      0.2573188031492928,
      0.2548852117336695,
      0.2536485882240018,
      0.25154346519209597,
      0.2508226395212618,
      0.24864198135217355,
      0.24760334373410597,
      0.2469304012053312
    ],
    "val_loss": [
      0.2914505321228784,
      0.2983300436704688,
      0.2868743830446665,
      0.2712087029251528,
      0.2746857404777788,
      0.2604747778671688,
      0.25680804845557814,
      0.2554557457906869,
      0.2531099583282599,
      0.2523600464032747,
      0.25155774481689047,
      0.2512616439594068,
      0.25054590938322685,
      0.24931435010606706,
      0.24852778935726058,
      0.2482801249221117,
      0.24811806271949538,
      0.24812588120248477,
      0.24800295230153852,
      0.24776522139698245
    ],
    "val_accuracy": [
      0.9652314689897082,
      0.9643834560382377,
      0.9685849747523416,
      0.9718228423852292,
      0.9719384805149751,
      0.976833828007555,
      0.9786454920402421,
      0.978761130169988,
      0.979108044559226,
      0.9797633272944533,
      0.9803029718999344,
      0.9802644258566858,
      0.9803415179431831,
      0.9808040704621671,
      0.981150984851405,
      0.9813437150676483,
      0.9814978992406429,
      0.9812280769379024,
      0.9811124388081564,
      0.9813051690243997
    ],
    "val_macro_f1": [
      0.6891137916913223,
      0.7641694956225473,
      0.795179947479657,
      0.8093379208022426,
      0.8308609530205343,
      0.8525729569756932,
      0.8715462862591107,
      0.8738916010729736,
      0.8820012717008677,
      0.8871935455960762,
      0.8919707489143137,
      0.8941666635991825,
      0.8952419634384093,
      0.8983366688349272,
      0.8996498350477515,
      0.9010554841782397,
      0.9013884110990493,
      0.8985348293931376,
      0.9017448192888396,
      0.9025268791824347
    ],
    "val_weighted_f1": [
      0.9606385691738234,
      0.9607331582167354,
      0.9656141680257836,
      0.9707000499777878,
      0.9700357761099289,
      0.9756502473475285,
      0.9777557198078379,
      0.9779585622654234,
      0.9784422656369568,
      0.9791529523424907,
      0.9797458177550656,
      0.9797163325851599,
      0.9797912007948729,
      0.9803420317881798,
      0.980706757394428,
      0.9809449702826711,
      0.9810995770229513,
      0.9808425708223011,
      0.980754876719343,
      0.9809582690566696
    ],