{
  "test_metrics": {
    "loss": 0.12465517133349785,
    "accuracy": 0.9521943573667712,
    "macro_f1": 0.9299042323996258,
    "weighted_f1": 0.9520807956314062,
    "macro_precision": 0.931523650627389,
    "macro_recall": 0.9284267754039648
  },
  "best_val_macro_f1": 0.9396125361827787,
  "best_epoch": 45,
  "class_names": [
    "Center",
    "Donut",
    "Edge-Loc",
    "Edge-Ring",
    "Loc",
    "Near-full",
    "Random",
    "Scratch"
  ],
  "per_class_recall": {
    "Center": 0.984472049689441,
    "Donut": 0.8313253012048193,
    "Edge-Loc": 0.9435173299101413,
    "Edge-Ring": 0.9889807162534435,
    "Loc": 0.8719851576994434,
    "Near-full": 1.0,
    "Random": 0.9076923076923077,
    "Scratch": 0.8994413407821229
  },
  "per_class_metrics": {
    "Center": {
      "precision": 0.9664634146341463,
      "recall": 0.984472049689441,
      "f1": 0.9753846153846154,
      "support": 644
    },
    "Donut": {
      "precision": 0.8214285714285714,
      "recall": 0.8313253012048193,
      "f1": 0.8263473053892215,
      "support": 83
    },
    "Edge-Loc": {
      "precision": 0.9363057324840764,
      "recall": 0.9435173299101413,
      "f1": 0.9398976982097187,
      "support": 779
    },
    "Edge-Ring": {
      "precision": 0.9910282953761215,
      "recall": 0.9889807162534435,
      "f1": 0.9900034470872113,
      "support": 1452
    },
    "Loc": {
      "precision": 0.888468809073724,
      "recall": 0.8719851576994434,
      "f1": 0.8801498127340824,
      "support": 539
    },
    "Near-full": {
      "precision": 1.0,
      "recall": 1.0,
      "f1": 1.0,
      "support": 22
    },
    "Random": {
      "precision": 0.944,
      "recall": 0.9076923076923077,
      "f1": 0.9254901960784314,
      "support": 130
    },
    "Scratch": {
      "precision": 0.9044943820224719,
      "recall": 0.8994413407821229,
      "f1": 0.9019607843137255,
      "support": 179
    }
  },
  "confusion_matrix": [
    [
      634,
      1,
      0,
      0,
      8,
      0,
      1,
      0
    ],
    [
      1,
      69,
      1,
      0,
      9,
      0,
      3,
      0
    ],
    [
      1,
      0,
      735,
      13,
      29,
      0,
      0,
      1
    ],
    [
      1,
      1,
      13,
      1436,
      0,
      0,
      1,
      0
    ],
    [
      15,
      9,
      28,
      0,
      470,
      0,
      1,
      16
    ],
    [
      0,
      0,
      0,
      0,
      0,
      22,
      0,
      0
    ],
    [
      3,
      1,
      6,
      0,
      2,
      0,
      118,
      0
    ],
    [
      1,
      3,
      2,
      0,
      11,
      0,
      1,
      161
    ]
  ],
  "classification_report": {
    "Center": {
      "precision": 0.9664634146341463,
      "recall": 0.984472049689441,
      "f1-score": 0.9753846153846154,
      "support": 644.0
    },
    "Donut": {
      "precision": 0.8214285714285714,
      "recall": 0.8313253012048193,
      "f1-score": 0.8263473053892215,
      "support": 83.0
    },
    "Edge-Loc": {
      "precision": 0.9363057324840764,
      "recall": 0.9435173299101413,
      "f1-score": 0.9398976982097187,
      "support": 779.0
    },
    "Edge-Ring": {
      "precision": 0.9910282953761215,
      "recall": 0.9889807162534435,
      "f1-score": 0.9900034470872113,
      "support": 1452.0
    },
    "Loc": {
      "precision": 0.888468809073724,
      "recall": 0.8719851576994434,
      "f1-score": 0.8801498127340824,
      "support": 539.0
    },
    "Near-full": {
      "precision": 1.0,
      "recall": 1.0,
      "f1-score": 1.0,
      "support": 22.0
    },
    "Random": {
      "precision": 0.944,
      "recall": 0.9076923076923077,
      "f1-score": 0.9254901960784314,
      "support": 130.0
    },
    "Scratch": {
      "precision": 0.9044943820224719,
      "recall": 0.8994413407821229,
      "f1-score": 0.9019607843137255,
      "support": 179.0
    },
    "accuracy": 0.9521943573667712,
    "macro avg": {
      "precision": 0.931523650627389,
      "recall": 0.9284267754039648,
      "f1-score": 0.9299042323996258,
      "support": 3828.0
    },
    "weighted avg": {
      "precision": 0.9520494888759001,
      "recall": 0.9521943573667712,
      "f1-score": 0.9520807956314062,
      "support": 3828.0
    }
  },
  "history": {
    "train_loss": [
      0.8921919349012293,
      0.5742508726124533,
      0.41807373459419356,
      0.3439167484767038,
      0.30924385118202874,
      0.2843511733463962,
      0.2790868488546916,
      0.2609391655752695,
      0.25378623506339887,
      0.24029025944888388,
      0.2317645773095553,
      0.22331235651432557,
      0.21713790978542108,
      0.20540798210933547,
      0.20679495648264531,
      0.19618198871512446,
      0.1901233284265739,
      0.18820811602981616,
      0.1842157969711436,
      0.17938349835817793,
      0.1734441005071814,
      0.1737203319911386,
      0.1706478392866633,
      0.16539695496248957,
      0.1611565501181855,
      0.15919867078604494,
      0.1576861937254065,
      0.15333783066980797,
      0.1526550791604164,
      0.1482366868135497,
      0.14459491526333768,
      0.14630988385641566,
      0.1380729921631778,
      0.13993842817047558,
      0.1381553432255131,
      0.13413421171767137,
      0.13878877518015267,
      0.13307362604451053,
      0.13024628164886606,
      0.1285583639483746,
      0.1284181968029166,
      0.12507089595107837,
      0.12438570604054464,
      0.12443252841619337,
      0.12117792210573312,
      0.12544232722089652,
      0.12197252722961842,
      0.1230189492466675,
      0.12294435437491538,
      0.1205267081599096
    ],
    "val_loss": [
      0.6491909975043908,
      0.46709654292591934,
      0.3059975169482276,
      0.25762888150778185,
      0.23983648724565934,
      0.21509478663949758,
      0.20780629137591258,
      0.1942084886935562,
      0.1865889388005188,
      0.17714983902194284,
      0.1715718387093788,
      0.16775516524147963,
      0.16380901955449595,
      0.15723409956027223,
      0.15373861018953652,
      0.15038884338478062,
      0.1456153413500781,
      0.14280628664428788,
      0.13982251185297095,
      0.13655474029925177,
      0.13500106091783337,
      0.13350378876880917,
      0.13169446299504586,
      0.1302906916619842,
      0.12904855834715295,
      0.12772976114271575,
      0.1268272346339131,
      0.12603062343011953,
      0.12530500145167767,
      0.12442261935090072,
      0.1233107384095745,
      0.12247908608978196,
      0.1212252953022625,
      0.12058329312841222,
      0.1200668549587485,
      0.11923971586902563,
      0.1183106926354495,
      0.11781060955678906,
      0.11724639451179883,
      0.11665691717166761,
      0.11602284802102494,
      0.11552779684806692,
      0.11514223294572024,
      0.11470544719708502,
      0.11451162984876921,
      0.11426849012402282,
      0.11415946966303803,
      0.1140838065179787,
      0.11390424604637621,
      0.11377268402118045
    ],