{
  "test_metrics": {
    "loss": 0.31035755868989473,
    "accuracy": 0.953239289446186,
    "macro_f1": 0.9334718902315486,
    "weighted_f1": 0.9531718575516245,
    "macro_precision": 0.937285912756235,
    "macro_recall": 0.9299290608635618,
    "gated_replaced": 0.0
  },
  "class_names": [
    "Center",
    "Donut",
    "Edge-Loc",
    "Edge-Ring",
    "Loc",
    "Near-full",
    "Random",
    "Scratch"
  ],
  "per_class_recall": {
    "Center": 0.9782608695652174,
    "Donut": 0.8313253012048193,
    "Edge-Loc": 0.944801026957638,
    "Edge-Ring": 0.987603305785124,
    "Loc": 0.8868274582560297,
    "Near-full": 1.0,
    "Random": 0.9,
    "Scratch": 0.9106145251396648
  },
  "per_class_metrics": {
    "Center": {
      "precision": 0.9647779479326187,
      "recall": 0.9782608695652174,
      "f1": 0.9714726291441789,
      "support": 644
    },
    "Donut": {
      "precision": 0.8625,
      "recall": 0.8313253012048193,
      "f1": 0.8466257668711656,
      "support": 83
    },
    "Edge-Loc": {
      "precision": 0.9387755102040817,
      "recall": 0.944801026957638,
      "f1": 0.9417786308381318,
      "support": 779
    },
    "Edge-Ring": {
      "precision": 0.9903314917127072,
      "recall": 0.987603305785124,
      "f1": 0.9889655172413793,
      "support": 1452
    },
    "Loc": {
      "precision": 0.8901303538175046,
      "recall": 0.8868274582560297,
      "f1": 0.8884758364312267,
      "support": 539
    },
    "Near-full": {
      "precision": 1.0,
      "recall": 1.0,
      "f1": 1.0,
      "support": 22
    },
    "Random": {
      "precision": 0.9512195121951219,
      "recall": 0.9,
      "f1": 0.924901185770751,
      "support": 130
    },
    "Scratch": {
      "precision": 0.9005524861878453,
      "recall": 0.9106145251396648,
      "f1": 0.9055555555555556,
      "support": 179
    }
  },
  "confusion_matrix": [
    [
      630,
      1,
      0,
      0,
      12,
      0,
      1,
      0
    ],
    [
      3,
      69,
      1,
      0,
      7,
      0,
      2,
      1
    ],
    [
      3,
      0,
      736,
      13,
      26,
      0,
      0,
      1
    ],
    [
      1,
      1,
      14,
      1434,
      0,
      0,
      1,
      1
    ],
    [
      13,
      6,
      25,
      1,
      478,
      0,
      1,
      15
    ],
    [
      0,
      0,
      0,
      0,
      0,
      22,
      0,
      0
    ],
    [
      3,
      1,
      6,
      0,
      3,
      0,
      117,
      0
    ],
    [
      0,
      2,
      2,
      0,
      11,
      0,
      1,
      163
    ]
  ],
  "classification_report": {
    "Center": {
      "precision": 0.9647779479326187,
      "recall": 0.9782608695652174,
      "f1-score": 0.9714726291441789,
      "support": 644.0
    },
    "Donut": {
      "precision": 0.8625,
      "recall": 0.8313253012048193,
      "f1-score": 0.8466257668711656,
      "support": 83.0
    },
    "Edge-Loc": {
      "precision": 0.9387755102040817,
      "recall": 0.944801026957638,
      "f1-score": 0.9417786308381318,
      "support": 779.0
    },
    "Edge-Ring": {
      "precision": 0.9903314917127072,
      "recall": 0.987603305785124,
      "f1-score": 0.9889655172413793,
      "support": 1452.0
    },
    "Loc": {
      "precision": 0.8901303538175046,
      "recall": 0.8868274582560297,
      "f1-score": 0.8884758364312267,
      "support": 539.0
    },
    "Near-full": {
      "precision": 1.0,
      "recall": 1.0,
      "f1-score": 1.0,
      "support": 22.0
    },
    "Random": {
      "precision": 0.9512195121951219,
      "recall": 0.9,
      "f1-score": 0.924901185770751,
      "support": 130.0
    },
    "Scratch": {
      "precision": 0.9005524861878453,
      "recall": 0.9106145251396648,
      "f1-score": 0.9055555555555556,
      "support": 179.0
    },
    "accuracy": 0.953239289446186,
    "macro avg": {
      "precision": 0.937285912756235,
      "recall": 0.9299290608635618,
      "f1-score": 0.9334718902315486,
      "support": 3828.0
    },
    "weighted avg": {
      "precision": 0.9531895609208626,
      "recall": 0.953239289446186,
      "f1-score": 0.9531718575516245,
      "support": 3828.0
    }
  },
  "best_epoch": 48,
  "accuracy": 0.953239289446186,
  "macro_f1": 0.9334718902315486,
  "weighted_f1": 0.9531718575516245,
  "tta": false,
  "args": {
    "model": "dpfee_dual",
    "loss": "ce",
    "label_smoothing": 0.03,
    "ema_decay": 0.999,
    "use_component_head": false,
    "component_loss_weight": 0.0
  }
}