{
  "test_metrics": {
    "loss": 0.30850665584253295,
    "accuracy": 0.9553291536050157,
    "macro_f1": 0.9365043368450973,
    "weighted_f1": 0.9552329243757416,
    "macro_precision": 0.9377556786468282,
    "macro_recall": 0.9356215596138426
  },
  "best_val_macro_f1": 0.9411555457453376,
  "best_epoch": 44,
  "class_names": [
    "Center",
    "Donut",
    "Edge-Loc",
    "Edge-Ring",
    "Loc",
    "Near-full",
    "Random",
    "Scratch"
  ],
  "per_class_recall": {
    "Center": 0.9782608695652174,
    "Donut": 0.8674698795180723,
    "Edge-Loc": 0.9460847240051348,
    "Edge-Ring": 0.990358126721763,
    "Loc": 0.8831168831168831,
    "Near-full": 1.0,
    "Random": 0.8923076923076924,
    "Scratch": 0.9273743016759777
  },
  "per_class_metrics": {
    "Center": {
      "precision": 0.9662576687116564,
      "recall": 0.9782608695652174,
      "f1": 0.9722222222222222,
      "support": 644
    },
    "Donut": {
      "precision": 0.8571428571428571,
      "recall": 0.8674698795180723,
      "f1": 0.8622754491017964,
      "support": 83
    },
    "Edge-Loc": {
      "precision": 0.9400510204081632,
      "recall": 0.9460847240051348,
      "f1": 0.9430582213691618,
      "support": 779
    },
    "Edge-Ring": {
      "precision": 0.990358126721763,
      "recall": 0.990358126721763,
      "f1": 0.990358126721763,
      "support": 1452
    },
    "Loc": {
      "precision": 0.9049429657794676,
      "recall": 0.8831168831168831,
      "f1": 0.8938967136150234,
      "support": 539
    },
    "Near-full": {
      "precision": 1.0,
      "recall": 1.0,
      "f1": 1.0,
      "support": 22
    },
    "Random": {
      "precision": 0.9508196721311475,
      "recall": 0.8923076923076924,
      "f1": 0.9206349206349206,
      "support": 130
    },
    "Scratch": {
      "precision": 0.8924731182795699,
      "recall": 0.9273743016759777,
      "f1": 0.9095890410958904,
      "support": 179
    }
  },
  "confusion_matrix": [
    [
      630,
      1,
      1,
      0,
      10,
      0,
      1,
      1
    ],
    [
      2,
      72,
      1,
      0,
      5,
      0,
      2,
      1
    ],
    [
      1,
      0,
      737,
      14,
      25,
      0,
      0,
      2
    ],
    [
      1,
      0,
      12,
      1438,
      0,
      0,
      1,
      0
    ],
    [
      14,
      7,
      25,
      0,
      476,
      0,
      1,
      16
    ],
    [
      0,
      0,
      0,
      0,
      0,
      22,
      0,
      0
    ],
    [
      3,
      1,
      6,
      0,
      4,
      0,
      116,
      0
    ],
    [
      1,
      3,
      2,
      0,
      6,
      0,
      1,
      166
    ]
  ],
  "classification_report": {
    "Center": {
      "precision": 0.9662576687116564,
      "recall": 0.9782608695652174,
      "f1-score": 0.9722222222222222,
      "support": 644.0
    },
    "Donut": {
      "precision": 0.8571428571428571,
      "recall": 0.8674698795180723,
      "f1-score": 0.8622754491017964,
      "support": 83.0
    },
    "Edge-Loc": {
      "precision": 0.9400510204081632,
      "recall": 0.9460847240051348,
      "f1-score": 0.9430582213691618,
      "support": 779.0
    },
    "Edge-Ring": {
      "precision": 0.990358126721763,
      "recall": 0.990358126721763,
      "f1-score": 0.990358126721763,
      "support": 1452.0
    },
    "Loc": {
      "precision": 0.9049429657794676,
      "recall": 0.8831168831168831,
      "f1-score": 0.8938967136150234,
      "support": 539.0
    },
    "Near-full": {
      "precision": 1.0,
      "recall": 1.0,
      "f1-score": 1.0,
      "support": 22.0
    },
    "Random": {
      "precision": 0.9508196721311475,
      "recall": 0.8923076923076924,
      "f1-score": 0.9206349206349206,
      "support": 130.0
    },
    "Scratch": {
      "precision": 0.8924731182795699,
      "recall": 0.9273743016759777,
      "f1-score": 0.9095890410958904,
      "support": 179.0
    },
    "accuracy": 0.9553291536050157,
    "macro avg": {
      "precision": 0.9377556786468282,
      "recall": 0.9356215596138426,
      "f1-score": 0.9365043368450973,
      "support": 3828.0
    },
    "weighted avg": {
      "precision": 0.9552863230917837,
      "recall": 0.9553291536050157,
      "f1-score": 0.9552329243757416,
      "support": 3828.0
    }
  },
  "history": {
    "train_loss": [
      1.4290870130879612,
      0.8177625900392522,
      0.6298233400845737,
      0.5484490684056705,
      0.5187039673778863,
      0.4933315849445011,
      0.47386152654000335,
      0.4695568057989304,
      0.45220569463003885,
      0.4364451889407693,
      0.4251644049080263,
      0.4162626835998653,
      0.412089021376878,
      0.39999234841197306,
      0.3991571832315816,
      0.38621085478438244,
      0.38172784988226016,
      0.3719281383479809,
      0.37106612512574566,
      0.3662004416068871,
      0.36314101647751423,
      0.3616568173478874,
      0.35304701594551485,
      0.3500344336269778,
      0.3490839983240018,
      0.3472478863293771,
      0.34245395039595145,
      0.340551042476013,
      0.33357719404596115,
      0.33323988189644144,
      0.3321550946543173,
      0.3280815860612231,
      0.32881413451142283,
      0.32747211775560564,
      0.3187207884125965,
      0.3232699700164106,
      0.3193982133341217,
      0.3192703174509007,
      0.31179073986164674,
      0.3139026641999194,
      0.3120569246904264,
      0.31203081011138173,
      0.3083342027855715,
      0.30558320062261796,
      0.305083690700743,
      0.305910415091974,
      0.30406704426732717,
      0.304257210367225,
      0.3026954813893255,
      0.3069287284300268
    ],
    "val_loss": [
      0.7439097217133301,
      0.48157461608838886,
      0.4539127501823561,
      0.41659645233283843,
      0.39468799501875473,
      0.3736872545977745,
      0.3666563172325445,
      0.3600510189401194,
      0.3547125177821894,
      0.34787980615781267,
      0.3431049270502826,
      0.34017285745096554,
      0.33560774325078807,
      0.33246988942506045,
      0.32960172363458634,
      0.3243207474362763,
      0.32203096830234507,
      0.3191692343326198,
      0.3177794247959101,
      0.3163195758154898,
      0.313701232554646,
      0.3124286976789855,
      0.31082524332756034,
      0.3098062210197608,
      0.30874863497391264,
      0.3079227319020338,
      0.30645543937897357,
      0.3053038479018734,
      0.3049728434723622,
      0.30444877361927414,
      0.3043924095488641,
      0.3038833470180117,
      0.3039291341601245,
      0.3031446533890727,
      0.3024611059525668,
      0.3020889220940282,
      0.3018005553831501,
      0.3014852500509942,
      0.3011707895539522,
      0.3009242285879926,
      0.3005066079281216,
      0.3003442515400136,
      0.3003502570349595,
      0.30023876589293763,
      0.3000848967827226,
      0.2998755663913619,
      0.2997887472124807,
      0.2995464408783828,
      0.2994535343649494,
      0.29944159468886994
    ],