{
  "test_metrics": {
    "loss": 0.3081350538299624,
    "accuracy": 0.9568965517241379,
    "macro_f1": 0.9402721710278839,
    "weighted_f1": 0.9568415852433979,
    "macro_precision": 0.9401459459002424,
    "macro_recall": 0.9409610090480549,
    "gated_replaced": 0.0
  },
  "accuracy": 0.9568965517241379,
  "macro_f1": 0.9402721710278839,
  "weighted_f1": 0.9568415852433979,
  "class_names": [
    "Center",
    "Donut",
    "Edge-Loc",
    "Edge-Ring",
    "Loc",
    "Near-full",
    "Random",
    "Scratch"
  ],
  "per_class_recall": {
    "Center": 0.9829192546583851,
    "Donut": 0.891566265060241,
    "Edge-Loc": 0.9435173299101413,
    "Edge-Ring": 0.9882920110192838,
    "Loc": 0.8905380333951762,
    "Near-full": 1.0,
    "Random": 0.8923076923076924,
    "Scratch": 0.9385474860335196
  },
  "classification_report": {
    "Center": {
      "precision": 0.9693721286370597,
      "recall": 0.9829192546583851,
      "f1-score": 0.9760986892829607,
      "support": 644.0
    },
    "Donut": {
      "precision": 0.8409090909090909,
      "recall": 0.891566265060241,
      "f1-score": 0.8654970760233918,
      "support": 83.0
    },
    "Edge-Loc": {
      "precision": 0.941101152368758,
      "recall": 0.9435173299101413,
      "f1-score": 0.9423076923076923,
      "support": 779.0
    },
    "Edge-Ring": {
      "precision": 0.988973121984838,
      "recall": 0.9882920110192838,
      "f1-score": 0.9886324491904926,
      "support": 1452.0
    },
    "Loc": {
      "precision": 0.9090909090909091,
      "recall": 0.8905380333951762,
      "f1-score": 0.8997188378631678,
      "support": 539.0
    },
    "Near-full": {
      "precision": 1.0,
      "recall": 1.0,
      "f1-score": 1.0,
      "support": 22.0
    },
    "Random": {
      "precision": 0.9586776859504132,
      "recall": 0.8923076923076924,
      "f1-score": 0.9243027888446215,
      "support": 130.0
    },
    "Scratch": {
      "precision": 0.9130434782608695,
      "recall": 0.9385474860335196,
      "f1-score": 0.9256198347107438,
      "support": 179.0
    },
    "accuracy": 0.9568965517241379,
    "macro avg": {
      "precision": 0.9401459459002424,
      "recall": 0.9409610090480549,
      "f1-score": 0.9402721710278839,
      "support": 3828.0
    },
    "weighted avg": {
      "precision": 0.9569594456601926,
      "recall": 0.9568965517241379,
      "f1-score": 0.9568415852433979,
      "support": 3828.0
    }
  },
  "confusion_matrix": [
    [
      633,
      1,
      0,
      0,
      9,
      0,
      1,
      0
    ],
    [
      2,
      74,
      1,
      0,
      3,
      0,
      2,
      1
    ],
    [
      1,
      0,
      735,
      15,
      27,
      0,
      0,
      1
    ],
    [
      1,
      1,
      14,
      1435,
      0,
      0,
      1,
      0
    ],
    [
      13,
      7,
      23,
      1,
      480,
      0,
      1,
      14
    ],
    [
      0,
      0,
      0,
      0,
      0,
      22,
      0,
      0
    ],
    [
      2,
      2,
      6,
      0,
      4,
      0,
      116,
      0
    ],
    [
      1,
      3,
      2,
      0,
      5,
      0,
      0,
      168
    ]
  ],
  "checkpoint": "outputs64\\exp50_W3_oof_cleanlab_caw_n05_c07_s02\\best_model.pth",
  "state_key": "model_state_dict",
  "tta": true,
  "args": {
    "model": "dpfee_dual",
    "data_dir": "data\\processed64_onehot",
    "state_key": "model_state_dict",
    "tta": true
  }
}