factor,baseline,variant,baseline_acc,variant_acc,delta_acc,baseline_macro_f1,variant_macro_f1,delta_macro_f1,baseline_weighted_f1,variant_weighted_f1,delta_weighted_f1,interpretation
DPFEE backbone,SE-ResNet 64 baseline,DPFEE single-head 64,0.9521943573667712,0.9529780564263323,0.0007836990595611049,0.9299042323996258,0.931954059041278,0.002049826641652208,0.9520807956314062,0.9528785470591598,0.0007977514277535125,Replace SE-ResNet with DPFEE dual-branch feature extractor.
Dual-head,DPFEE single-head 64,DPFEE dual-head 64,0.9529780564263323,0.9540229885057471,0.0010449320794148065,0.931954059041278,0.9326288067838604,0.00067474774258236,0.9528785470591598,0.9539601906150587,0.0010816435558989035,Add auxiliary classification head and inference logit fusion.
One-hot input,DPFEE dual-head focal 64,DPFEE dual-head focal one-hot 64,0.9527168234064786,0.9542842215256009,0.0015673981191223207,0.9293277292678819,0.9347313098980257,0.005403580630143789,0.9525666686366946,0.9541831585049109,0.0016164898682162754,Use 64x64 three-channel one-hot input instead of single-channel wafer values.
OOF Cleanlab,B0 DPFEE dual-head one-hot,W3 final,0.9553291536050157,0.9563740856844305,0.0010449320794148065,0.9365043368450973,0.940444634754746,0.003940297909648782,0.9552329243757416,0.9562221432728624,0.0009892188971207805,Add OOF Cleanlab class-aware downweight on top of B0.
TTA,W3 EMA no TTA,W3 final,0.953239289446186,0.9563740856844305,0.0031347962382445305,0.9334718902315486,0.940444634754746,0.006972744523197405,0.9531718575516245,0.9562221432728624,0.0030502857212378887,Evaluate the same EMA-selected W3 model with rotate/flip TTA.
"EMA state, no TTA",W3 non-EMA no TTA,W3 EMA no TTA,0.9545454545454546,0.953239289446186,-0.0013061650992686191,0.9368551664964002,0.9334718902315486,-0.0033832762648515757,0.9545501033661143,0.9531718575516245,-0.0013782458144898646,Compare EMA-selected state to non-EMA model_state_dict in the same best checkpoint.
"EMA state, with TTA",W3 non-EMA TTA,W3 final,0.9568965517241379,0.9563740856844305,-0.0005224660397074032,0.9402721710278839,0.940444634754746,0.00017246372686219313,0.9568415852433979,0.9562221432728624,-0.0006194419705355392,Compare EMA-selected state to non-EMA model_state_dict when both use TTA.
