{
  "test_metrics": {
    "loss": 0.18540057641149438,
    "accuracy": 0.9320794148380356,
    "macro_f1": 0.9019022691379868,
    "weighted_f1": 0.9320357201653727,
    "macro_precision": 0.9117194208543533,
    "macro_recall": 0.8929433265562761
  },
  "best_val_macro_f1": 0.907896295872558,
  "best_epoch": 40,
  "class_names": [
    "Center",
    "Donut",
    "Edge-Loc",
    "Edge-Ring",
    "Loc",
    "Near-full",
    "Random",
    "Scratch"
  ],
  "per_class_recall": {
    "Center": 0.9767080745341615,
    "Donut": 0.8192771084337349,
    "Edge-Loc": 0.9191270860077022,
    "Edge-Ring": 0.977961432506887,
    "Loc": 0.862708719851577,
    "Near-full": 0.9545454545454546,
    "Random": 0.8846153846153846,
    "Scratch": 0.7486033519553073
  },
  "per_class_metrics": {
    "Center": {
      "precision": 0.9515885022692889,
      "recall": 0.9767080745341615,
      "f1": 0.963984674329502,
      "support": 644
    },
    "Donut": {
      "precision": 0.8947368421052632,
      "recall": 0.8192771084337349,
      "f1": 0.8553459119496856,
      "support": 83
    },
    "Edge-Loc": {
      "precision": 0.9051833122629582,
      "recall": 0.9191270860077022,
      "f1": 0.9121019108280255,
      "support": 779
    },
    "Edge-Ring": {
      "precision": 0.9916201117318436,
      "recall": 0.977961432506887,
      "f1": 0.984743411927878,
      "support": 1452
    },
    "Loc": {
      "precision": 0.842391304347826,
      "recall": 0.862708719851577,
      "f1": 0.8524289642529789,
      "support": 539
    },
    "Near-full": {
      "precision": 1.0,
      "recall": 0.9545454545454546,
      "f1": 0.9767441860465116,
      "support": 22
    },
    "Random": {
      "precision": 0.92,
      "recall": 0.8846153846153846,
      "f1": 0.9019607843137255,
      "support": 130
    },
    "Scratch": {
      "precision": 0.788235294117647,
      "recall": 0.7486033519553073,
      "f1": 0.7679083094555874,
      "support": 179
    }
  },
  "confusion_matrix": [
    [
      629,
      1,
      2,
      0,
      8,
      0,
      1,
      3
    ],
    [
      2,
      68,
      1,
      0,
      12,
      0,
      0,
      0
    ],
    [
      5,
      0,
      716,
      12,
      33,
      0,
      3,
      10
    ],
    [
      1,
      1,
      27,
      1420,
      0,
      0,
      2,
      1
    ],
    [
      17,
      3,
      30,
      0,
      465,
      0,
      2,
      22
    ],
    [
      0,
      0,
      0,
      0,
      0,
      21,
      1,
      0
    ],
    [
      3,
      1,
      4,
      0,
      7,
      0,
      115,
      0
    ],
    [
      4,
      2,
      11,
      0,
      27,
      0,
      1,
      134
    ]
  ],
  "classification_report": {
    "Center": {
      "precision": 0.9515885022692889,
      "recall": 0.9767080745341615,
      "f1-score": 0.963984674329502,
      "support": 644.0
    },
    "Donut": {
      "precision": 0.8947368421052632,
      "recall": 0.8192771084337349,
      "f1-score": 0.8553459119496856,
      "support": 83.0
    },
    "Edge-Loc": {
      "precision": 0.9051833122629582,
      "recall": 0.9191270860077022,
      "f1-score": 0.9121019108280255,
      "support": 779.0
    },
    "Edge-Ring": {
      "precision": 0.9916201117318436,
      "recall": 0.977961432506887,
      "f1-score": 0.984743411927878,
      "support": 1452.0
    },
    "Loc": {
      "precision": 0.842391304347826,
      "recall": 0.862708719851577,
      "f1-score": 0.8524289642529789,
      "support": 539.0
    },
    "Near-full": {
      "precision": 1.0,
      "recall": 0.9545454545454546,
      "f1-score": 0.9767441860465116,
      "support": 22.0
    },
    "Random": {
      "precision": 0.92,
      "recall": 0.8846153846153846,
      "f1-score": 0.9019607843137255,
      "support": 130.0
    },
    "Scratch": {
      "precision": 0.788235294117647,
      "recall": 0.7486033519553073,
      "f1-score": 0.7679083094555874,
      "support": 179.0
    },
    "accuracy": 0.9320794148380356,
    "macro avg": {
      "precision": 0.9117194208543533,
      "recall": 0.8929433265562761,
      "f1-score": 0.9019022691379868,
      "support": 3828.0
    },
    "weighted avg": {
      "precision": 0.9322882409963892,
      "recall": 0.9320794148380356,
      "f1-score": 0.9320357201653727,
      "support": 3828.0
    }
  },
  "history": {
    "train_loss": [
      0.9709605930540641,
      0.6025495469980582,
      0.47890574589546026,
      0.41869703540674935,
      0.3765053525387704,
      0.35178504660596294,
      0.3295000426957984,
      0.31542673499962054,
      0.30646920948261336,
      0.2924215695925805,
      0.29214021034819454,
      0.27672102476617144,
      0.26990794246750516,
      0.26321938137241196,
      0.26006690517826186,
      0.2550573656131618,
      0.24717008306752833,
      0.24156974439727616,
      0.2407929760801267,
      0.23230052620134128,
      0.23047695549546235,
      0.2282043634854165,
      0.22067904403863958,
      0.22007570765303155,
      0.21697842770485556,
      0.2110453397093992,
      0.20644364247949126,
      0.2026836645501075,
      0.20073271472590345,
      0.19955962173520186,
      0.19957438106800604,
      0.19856902227712453,
      0.18963538819735992,
      0.18894081962543727,
      0.19131421144172273,
      0.1842221442218164,
      0.18086591307479458,
      0.1827282912685924,
      0.17784200831376004,
      0.1738408634649014,
      0.17586425328510963,
      0.17862157413018268,
      0.17037496256937087,
      0.16994057408453855,
      0.16756317350386318,
      0.17344813580302917,
      0.17143640432583754,
      0.16782031094701588,
      0.1734044879227785,
      0.16848820315285318
    ],
    "val_loss": [
      0.6496163503877048,
      0.48691729318385585,
      0.38610210588110405,
      0.37682887267169535,
      0.3288163295173346,
      0.2664850853391326,
      0.2650021098811051,
      0.25291753715233123,
      0.24195267255403405,
      0.2406881019675495,
      0.22968847132526346,
      0.22636412677346351,
      0.22323910351706397,
      0.22004954166546883,
      0.21565891897292222,
      0.2120650116054491,
      0.20638002400737074,
      0.20442899793791297,
      0.20140865535447092,
      0.19814894070445932,
      0.19477819848334652,
      0.19372348800348263,
      0.19328826703247978,
      0.19162657645179684,
      0.18982019799380964,
      0.1879793659646683,
      0.18546070742382897,
      0.18319014530695096,
      0.1811177202713527,
      0.1798432483070198,
      0.1786895733766546,
      0.17771236705929508,
      0.17626301304300004,
      0.17521198413090522,
      0.17441649042077698,
      0.17316294990114034,
      0.1717433853769751,
      0.1709404348891108,
      0.17038922748346438,
      0.17015690075441836,
      0.17010818015445361,
      0.1695914724715202,
      0.1695829867818388,
      0.1692332162005027,
      0.16907050698030207,
      0.16899159248595202,
      0.1687833532582007,
      0.1684738448358753,
      0.1681945419859612,
      0.1680676552506948
    ],