{
  "test_metrics": {
    "accuracy": 0.953239289446186,
    "macro_f1": 0.9297861699417231,
    "weighted_f1": 0.9530900302492045,
    "macro_precision": 0.9319696615195556,
    "macro_recall": 0.9277542497861417
  },
  "class_names": [
    "Center",
    "Donut",
    "Edge-Loc",
    "Edge-Ring",
    "Loc",
    "Near-full",
    "Random",
    "Scratch"
  ],
  "per_class_recall": {
    "Center": 0.9829192546583851,
    "Donut": 0.8072289156626506,
    "Edge-Loc": 0.9486521181001284,
    "Edge-Ring": 0.9889807162534435,
    "Loc": 0.8738404452690167,
    "Near-full": 1.0,
    "Random": 0.9153846153846154,
    "Scratch": 0.9050279329608939
  },
  "per_class_metrics": {
    "Center": {
      "precision": 0.9634703196347032,
      "recall": 0.9829192546583851,
      "f1": 0.973097617217525,
      "support": 644
    },
    "Donut": {
      "precision": 0.8271604938271605,
      "recall": 0.8072289156626506,
      "f1": 0.8170731707317073,
      "support": 83
    },
    "Edge-Loc": {
      "precision": 0.9402035623409669,
      "recall": 0.9486521181001284,
      "f1": 0.9444089456869009,
      "support": 779
    },
    "Edge-Ring": {
      "precision": 0.9917127071823204,
      "recall": 0.9889807162534435,
      "f1": 0.9903448275862069,
      "support": 1452
    },
    "Loc": {
      "precision": 0.8937381404174574,
      "recall": 0.8738404452690167,
      "f1": 0.8836772983114447,
      "support": 539
    },
    "Near-full": {
      "precision": 1.0,
      "recall": 1.0,
      "f1": 1.0,
      "support": 22
    },
    "Random": {
      "precision": 0.9444444444444444,
      "recall": 0.9153846153846154,
      "f1": 0.9296875,
      "support": 130
    },
    "Scratch": {
      "precision": 0.8950276243093923,
      "recall": 0.9050279329608939,
      "f1": 0.9,
      "support": 179
    }
  },
  "classification_report": {
    "Center": {
      "precision": 0.9634703196347032,
      "recall": 0.9829192546583851,
      "f1-score": 0.973097617217525,
      "support": 644.0
    },
    "Donut": {
      "precision": 0.8271604938271605,
      "recall": 0.8072289156626506,
      "f1-score": 0.8170731707317073,
      "support": 83.0
    },
    "Edge-Loc": {
      "precision": 0.9402035623409669,
      "recall": 0.9486521181001284,
      "f1-score": 0.9444089456869009,
      "support": 779.0
    },
    "Edge-Ring": {
      "precision": 0.9917127071823204,
      "recall": 0.9889807162534435,
      "f1-score": 0.9903448275862069,
      "support": 1452.0
    },
    "Loc": {
      "precision": 0.8937381404174574,
      "recall": 0.8738404452690167,
      "f1-score": 0.8836772983114447,
      "support": 539.0
    },
    "Near-full": {
      "precision": 1.0,
      "recall": 1.0,
      "f1-score": 1.0,
      "support": 22.0
    },
    "Random": {
      "precision": 0.9444444444444444,
      "recall": 0.9153846153846154,
      "f1-score": 0.9296875,
      "support": 130.0
    },
    "Scratch": {
      "precision": 0.8950276243093923,
      "recall": 0.9050279329608939,
      "f1-score": 0.9,
      "support": 179.0
    },
    "accuracy": 0.953239289446186,
    "macro avg": {
      "precision": 0.9319696615195556,
      "recall": 0.9277542497861417,
      "f1-score": 0.9297861699417231,
      "support": 3828.0
    },
    "weighted avg": {
      "precision": 0.9530374119485148,
      "recall": 0.953239289446186,
      "f1-score": 0.9530900302492045,
      "support": 3828.0
    }
  },
  "confusion_matrix": [
    [
      633,
      1,
      0,
      0,
      9,
      0,
      1,
      0
    ],
    [
      3,
      67,
      1,
      0,
      8,
      0,
      3,
      1
    ],
    [
      1,
      0,
      739,
      12,
      26,
      0,
      0,
      1
    ],
    [
      1,
      1,
      13,
      1436,
      0,
      0,
      1,
      0
    ],
    [
      16,
      8,
      26,
      0,
      471,
      0,
      1,
      17
    ],
    [
      0,
      0,
      0,
      0,
      0,
      22,
      0,
      0
    ],
    [
      3,
      1,
      5,
      0,
      2,
      0,
      119,
      0
    ],
    [
      0,
      3,
      2,
      0,
      11,
      0,
      1,
      162
    ]
  ],
  "models": [
    {
      "checkpoint": "outputs64/seresnet_ce_64_50/best_model.pt",
      "data_dir": "data/processed64",
      "image_size": 64,
      "model": "seresnet",
      "aux_eval_weight": 0.0
    },
    {
      "checkpoint": "outputs64/dual_soft_ce_64_50/best_model.pt",
      "data_dir": "data/processed64",
      "image_size": 64,
      "model": "dual_seresnet",
      "aux_eval_weight": 0.3
    },
    {
      "checkpoint": "outputs64/sweep_seresnet_ce_lr5e4_ls005_wd1e4_50/best_model.pt",
      "data_dir": "data/processed64",
      "image_size": 64,
      "model": "seresnet",
      "aux_eval_weight": 0.0
    },
    {
      "checkpoint": "outputs64/dpfee_ce_64_50/best_model.pt",
      "data_dir": "data/processed64",
      "image_size": 64,
      "model": "dpfee",
      "aux_eval_weight": 0.0
    },
    {
      "checkpoint": "outputs64/dpfee_focal_64_50/best_model.pt",
      "data_dir": "data/processed64",
      "image_size": 64,
      "model": "dpfee",
      "aux_eval_weight": 0.0
    },
    {
      "checkpoint": "outputs64/dpfee_ce_lr5e4_ls005_wd1e4_64_50/best_model.pt",
      "data_dir": "data/processed64",
      "image_size": 64,
      "model": "dpfee",
      "aux_eval_weight": 0.0
    }
  ],
  "ensemble_size": 6,
  "tta": true,
  "amp": true,
  "device": "auto",
  "weighted_ensemble": true,
  "class_aware": false,
  "weights": {
    "metric": "accuracy",
    "search": "random",
    "n_iter": 3000,
    "grid_step": 0.1,
    "class_aware": false,
    "val_score": 0.9605538140020898,
    "global_weights": {
      "outputs64/seresnet_ce_64_50/best_model.pt": 0.06255507748371997,
      "outputs64/dual_soft_ce_64_50/best_model.pt": 0.12901052587389472,
      "outputs64/sweep_seresnet_ce_lr5e4_ls005_wd1e4_50/best_model.pt": 0.15777676888018746,
      "outputs64/dpfee_ce_64_50/best_model.pt": 0.01574573391388422,
      "outputs64/dpfee_focal_64_50/best_model.pt": 0.5536193626693673,
      "outputs64/dpfee_ce_lr5e4_ls005_wd1e4_64_50/best_model.pt": 0.08129253117894637
    }
  },
  "args": {
    "checkpoints": [
      "outputs64/seresnet_ce_64_50/best_model.pt",
      "outputs64/dual_soft_ce_64_50/best_model.pt",
      "outputs64/sweep_seresnet_ce_lr5e4_ls005_wd1e4_50/best_model.pt",
      "outputs64/dpfee_ce_64_50/best_model.pt",
      "outputs64/dpfee_focal_64_50/best_model.pt",
      "outputs64/dpfee_ce_lr5e4_ls005_wd1e4_64_50/best_model.pt"
    ],
    "data_dirs": [
      "data/processed64",
      "data/processed64",
      "data/processed64",
      "data/processed64",
      "data/processed64",
      "data/processed64"
    ],
    "out": "outputs/ensemble_weighted_acc_dpfee64",
    "batch_size": 128,
    "tta": true,
    "amp": true,
    "device": "auto",
    "num_workers": 0,
    "optimize_weights": true,
    "metric": "accuracy",
    "search": "random",
    "n_iter": 3000,
    "grid_step": 0.1,
    "seed": 42,
    "class_aware": false,
    "focus_classes": [
      "Donut",
      "Edge-Loc",
      "Loc",
      "Scratch"
    ]
  }
}