{
  "test_metrics": {
    "loss": 0.04778335883419342,
    "accuracy": 0.949582027168234,
    "macro_f1": 0.9222811025144221,
    "weighted_f1": 0.9493605824281351,
    "macro_precision": 0.925888061603573,
    "macro_recall": 0.9188815731768292
  },
  "best_val_macro_f1": 0.9410461665139527,
  "best_epoch": 40,
  "class_names": [
    "Center",
    "Donut",
    "Edge-Loc",
    "Edge-Ring",
    "Loc",
    "Near-full",
    "Random",
    "Scratch"
  ],
  "per_class_recall": {
    "Center": 0.984472049689441,
    "Donut": 0.7710843373493976,
    "Edge-Loc": 0.9473684210526315,
    "Edge-Ring": 0.987603305785124,
    "Loc": 0.8645640074211502,
    "Near-full": 1.0,
    "Random": 0.9076923076923077,
    "Scratch": 0.888268156424581
  },
  "per_class_metrics": {
    "Center": {
      "precision": 0.9635258358662614,
      "recall": 0.984472049689441,
      "f1": 0.9738863287250384,
      "support": 644
    },
    "Donut": {
      "precision": 0.8,
      "recall": 0.7710843373493976,
      "f1": 0.7852760736196319,
      "support": 83
    },
    "Edge-Loc": {
      "precision": 0.9318181818181818,
      "recall": 0.9473684210526315,
      "f1": 0.939528962444303,
      "support": 779
    },
    "Edge-Ring": {
      "precision": 0.9910158949550795,
      "recall": 0.987603305785124,
      "f1": 0.9893066574680924,
      "support": 1452
    },
    "Loc": {
      "precision": 0.8859315589353612,
      "recall": 0.8645640074211502,
      "f1": 0.8751173708920188,
      "support": 539
    },
    "Near-full": {
      "precision": 1.0,
      "recall": 1.0,
      "f1": 1.0,
      "support": 22
    },
    "Random": {
      "precision": 0.9365079365079365,
      "recall": 0.9076923076923077,
      "f1": 0.921875,
      "support": 130
    },
    "Scratch": {
      "precision": 0.8983050847457628,
      "recall": 0.888268156424581,
      "f1": 0.8932584269662921,
      "support": 179
    }
  },
  "confusion_matrix": [
    [
      634,
      1,
      1,
      0,
      7,
      0,
      1,
      0
    ],
    [
      2,
      64,
      1,
      0,
      12,
      0,
      4,
      0
    ],
    [
      1,
      0,
      738,
      13,
      25,
      0,
      0,
      2
    ],
    [
      1,
      1,
      15,
      1434,
      0,
      0,
      1,
      0
    ],
    [
      17,
      10,
      29,
      0,
      466,
      0,
      1,
      16
    ],
    [
      0,
      0,
      0,
      0,
      0,
      22,
      0,
      0
    ],
    [
      3,
      1,
      5,
      0,
      3,
      0,
      118,
      0
    ],
    [
      0,
      3,
      3,
      0,
      13,
      0,
      1,
      159
    ]
  ],
  "classification_report": {
    "Center": {
      "precision": 0.9635258358662614,
      "recall": 0.984472049689441,
      "f1-score": 0.9738863287250384,
      "support": 644.0
    },
    "Donut": {
      "precision": 0.8,
      "recall": 0.7710843373493976,
      "f1-score": 0.7852760736196319,
      "support": 83.0
    },
    "Edge-Loc": {
      "precision": 0.9318181818181818,
      "recall": 0.9473684210526315,
      "f1-score": 0.939528962444303,
      "support": 779.0
    },
    "Edge-Ring": {
      "precision": 0.9910158949550795,
      "recall": 0.987603305785124,
      "f1-score": 0.9893066574680924,
      "support": 1452.0
    },
    "Loc": {
      "precision": 0.8859315589353612,
      "recall": 0.8645640074211502,
      "f1-score": 0.8751173708920188,
      "support": 539.0
    },
    "Near-full": {
      "precision": 1.0,
      "recall": 1.0,
      "f1-score": 1.0,
      "support": 22.0
    },
    "Random": {
      "precision": 0.9365079365079365,
      "recall": 0.9076923076923077,
      "f1-score": 0.921875,
      "support": 130.0
    },
    "Scratch": {
      "precision": 0.8983050847457628,
      "recall": 0.888268156424581,
      "f1-score": 0.8932584269662921,
      "support": 179.0
    },
    "accuracy": 0.949582027168234,
    "macro avg": {
      "precision": 0.925888061603573,
      "recall": 0.9188815731768292,
      "f1-score": 0.9222811025144221,
      "support": 3828.0
    },
    "weighted avg": {
      "precision": 0.9492716388690424,
      "recall": 0.949582027168234,
      "f1-score": 0.9493605824281351,
      "support": 3828.0
    }
  },
  "history": {
    "train_loss": [
      0.5304421601223798,
      0.3027307533846786,
      0.203025558203991,
      0.16025835449078418,
      0.138652451977877,
      0.126515783861297,
      0.12296957464862936,
      0.11216199009682959,
      0.1104730532542626,
      0.10053452717794427,
      0.09917223824319811,
      0.09388451930046855,
      0.09094258645739299,
      0.08430584562978986,
      0.08483877308612067,
      0.07961367153489249,
      0.07560233908107872,
      0.07573841257566288,
      0.07331436605707886,
      0.07105428925978939,
      0.06941335696597946,
      0.06740207654484334,
      0.06443799184777615,
      0.06465989229313798,
      0.06183781482211314,
      0.0612766526031336,
      0.060646029036676256,
      0.05796031788978372,
      0.05657256965190781,
      0.055550452816443316,
      0.05502430077787977,
      0.05463694289111029,
      0.051472354302202504,
      0.05184066124447702,
      0.05075374467048444,
      0.050768308178001625,
      0.05139921784437644,
      0.04751522047234023,
      0.04655148837952506,
      0.04653942541133842,
      0.04667499305412723,
      0.04558617362727218,
      0.044960227758292955,
      0.04449940421329943,
      0.042871585001818965,
      0.04466841745545427,
      0.04359609609742865,
      0.04408370551052015,
      0.043081813547093936,
      0.04296340178697258
    ],
    "val_loss": [
      0.3530110638032014,
      0.28560565099073426,
      0.13569122884527643,
      0.10846174565166267,
      0.10179278825953712,
      0.08689622009560356,
      0.08467424983234614,
      0.07688426177329778,
      0.0727749090162938,
      0.06902424403336853,
      0.06712008893583261,
      0.06468410954237483,
      0.06216638001186098,
      0.060432622308454545,
      0.05894746694445236,
      0.05722524312129215,
      0.05533697254480862,
      0.0541289781328279,
      0.05297420529673964,
      0.051649835766482875,
      0.05083294386431466,
      0.0499951465283068,
      0.049093254914851774,
      0.04802662949296748,
      0.047270816524076116,
      0.046544994329770904,
      0.04595422385067775,
      0.04545199032580965,
      0.04500354216078855,
      0.04445994542590503,
      0.043941365124788155,
      0.04349349953755814,
      0.042743148505999126,
      0.04239691866322371,
      0.04221406386719478,
      0.042095030121731034,
      0.04185440543894982,
      0.041572738691868574,
      0.04117566376706525,
      0.04086602851359199,
      0.040529930175845524,
      0.04027987908389003,
      0.040104979203474805,
      0.03985857772042385,
      0.03966475577875116,
      0.039560245301344804,
      0.039400357577868014,
      0.03920405196919337,
      0.039071378476193706,
      0.03899089211954219
    ],