{
  "test_metrics": {
    "loss": 0.30850084940343314,
    "accuracy": 0.9563740856844305,
    "macro_f1": 0.940444634754746,
    "weighted_f1": 0.9562221432728624,
    "macro_precision": 0.9416329530441814,
    "macro_recall": 0.9395896071217016
  },
  "best_val_macro_f1": 0.9376095281630437,
  "best_epoch": 48,
  "class_names": [
    "Center",
    "Donut",
    "Edge-Loc",
    "Edge-Ring",
    "Loc",
    "Near-full",
    "Random",
    "Scratch"
  ],
  "per_class_recall": {
    "Center": 0.9829192546583851,
    "Donut": 0.8795180722891566,
    "Edge-Loc": 0.944801026957638,
    "Edge-Ring": 0.9896694214876033,
    "Loc": 0.8812615955473099,
    "Near-full": 1.0,
    "Random": 0.9,
    "Scratch": 0.9385474860335196
  },
  "per_class_metrics": {
    "Center": {
      "precision": 0.966412213740458,
      "recall": 0.9829192546583851,
      "f1": 0.9745958429561201,
      "support": 644
    },
    "Donut": {
      "precision": 0.8690476190476191,
      "recall": 0.8795180722891566,
      "f1": 0.874251497005988,
      "support": 83
    },
    "Edge-Loc": {
      "precision": 0.9375796178343949,
      "recall": 0.944801026957638,
      "f1": 0.9411764705882353,
      "support": 779
    },
    "Edge-Ring": {
      "precision": 0.9889883000688231,
      "recall": 0.9896694214876033,
      "f1": 0.9893287435456111,
      "support": 1452
    },
    "Loc": {
      "precision": 0.9117082533589251,
      "recall": 0.8812615955473099,
      "f1": 0.8962264150943396,
      "support": 539
    },
    "Near-full": {
      "precision": 1.0,
      "recall": 1.0,
      "f1": 1.0,
      "support": 22
    },
    "Random": {
      "precision": 0.9512195121951219,
      "recall": 0.9,
      "f1": 0.924901185770751,
      "support": 130
    },
    "Scratch": {
      "precision": 0.9081081081081082,
      "recall": 0.9385474860335196,
      "f1": 0.9230769230769231,
      "support": 179
    }
  },
  "confusion_matrix": [
    [
      633,
      1,
      0,
      0,
      9,
      0,
      1,
      0
    ],
    [
      2,
      73,
      1,
      0,
      4,
      0,
      2,
      1
    ],
    [
      1,
      0,
      736,
      15,
      25,
      0,
      0,
      2
    ],
    [
      1,
      0,
      13,
      1437,
      0,
      0,
      1,
      0
    ],
    [
      14,
      7,
      27,
      1,
      475,
      0,
      1,
      14
    ],
    [
      0,
      0,
      0,
      0,
      0,
      22,
      0,
      0
    ],
    [
      3,
      1,
      6,
      0,
      3,
      0,
      117,
      0
    ],
    [
      1,
      2,
      2,
      0,
      5,
      0,
      1,
      168
    ]
  ],
  "classification_report": {
    "Center": {
      "precision": 0.966412213740458,
      "recall": 0.9829192546583851,
      "f1-score": 0.9745958429561201,
      "support": 644.0
    },
    "Donut": {
      "precision": 0.8690476190476191,
      "recall": 0.8795180722891566,
      "f1-score": 0.874251497005988,
      "support": 83.0
    },
    "Edge-Loc": {
      "precision": 0.9375796178343949,
      "recall": 0.944801026957638,
      "f1-score": 0.9411764705882353,
      "support": 779.0
    },
    "Edge-Ring": {
      "precision": 0.9889883000688231,
      "recall": 0.9896694214876033,
      "f1-score": 0.9893287435456111,
      "support": 1452.0
    },
    "Loc": {
      "precision": 0.9117082533589251,
      "recall": 0.8812615955473099,
      "f1-score": 0.8962264150943396,
      "support": 539.0
    },
    "Near-full": {
      "precision": 1.0,
      "recall": 1.0,
      "f1-score": 1.0,
      "support": 22.0
    },
    "Random": {
      "precision": 0.9512195121951219,
      "recall": 0.9,
      "f1-score": 0.924901185770751,
      "support": 130.0
    },
    "Scratch": {
      "precision": 0.9081081081081082,
      "recall": 0.9385474860335196,
      "f1-score": 0.9230769230769231,
      "support": 179.0
    },
    "accuracy": 0.9563740856844305,
    "macro avg": {
      "precision": 0.9416329530441814,
      "recall": 0.9395896071217016,
      "f1-score": 0.940444634754746,
      "support": 3828.0
    },
    "weighted avg": {
      "precision": 0.9562451903134561,
      "recall": 0.9563740856844305,
      "f1-score": 0.9562221432728624,
      "support": 3828.0
    }
  },
  "history": {
    "train_loss": [
      1.422075176742198,
      0.8021931463464312,
      0.6144232245520101,
      0.5344455941643165,
      0.4996286708977751,
      0.47508521333244236,
      0.45850083892438726,
      0.45397829763040304,
      0.4359337923468437,
      0.4197210123439135,
      0.4082228455085447,
      0.40182578137084696,
      0.3953328985339856,
      0.3843167754758654,
      0.3838597116872484,
      0.3707117378621608,
      0.3678118390655395,
      0.358033630107903,
      0.3586559222228769,
      0.353363472835912,
      0.3511871422804637,
      0.3480502822588267,
      0.34085523423839975,
      0.33802484307812064,
      0.3354171761581921,
      0.3334633431048634,
      0.3318166147586126,
      0.3299112962323728,
      0.3202388134417379,
      0.3225267959596702,
      0.3215877267248999,
      0.31693852563584524,
      0.3171029542062115,
      0.3164223407648622,
      0.30728654996122057,
      0.3127328524986347,
      0.30827928378227903,
      0.3085760983195249,
      0.3008723254300696,
      0.3043541597077396,
      0.30192736012934435,
      0.30268614878781547,
      0.29900217568217685,
      0.29538229910849406,
      0.29545130595887675,
      0.2960318834422077,
      0.2946428229688951,
      0.29511725642623327,
      0.29271903460642956,
      0.29540533906153654
    ],
    "val_loss": [
      0.7634454051902675,
      0.5060797326243409,
      0.44286591649180046,
      0.42185023212133904,
      0.39819166372562276,
      0.3740353469066361,
      0.36738851965407965,
      0.3609182611029973,
      0.3547595252935914,
      0.3484831613370742,
      0.34401497272862164,
      0.34162640655676024,
      0.3369022297012146,
      0.3333292146648359,
      0.33040623623749305,
      0.32543190989873005,
      0.32299180084385964,
      0.31990984297097663,
      0.31835739446907085,
      0.317098143830693,
      0.3154966967295205,
      0.3140375393062301,
      0.3119874212622269,
      0.310646902493424,
      0.30935781745701374,
      0.3086061773504459,
      0.306955864063251,
      0.3062497896211399,
      0.3062695366337257,
      0.306071315190386,
      0.3059716509925659,
      0.3053714978034718,
      0.3052707103663976,
      0.3046606409138647,
      0.3041310259291869,
      0.30382104228905626,
      0.30374052164572035,
      0.3035069102403886,
      0.30312773351759,
      0.30288540862321606,
      0.30236513350575445,
      0.30212521917393964,
      0.3019279429033134,
      0.30174545521771023,
      0.3015460885804275,
      0.3014095677228308,
      0.30141407958267874,
      0.3012376485573461,
      0.3012743795927042,
      0.3012468925090419
    ],