{
  "x": [
    -1.0,
    -0.20000000298023224,
    0.0,
    0.5,
    1.2000000476837158,
    2.0
  ],
  "q_uint8": [
    0,
    68,
    85,
    128,
    187,
    255
  ],
  "scale": 0.011764705882352941,
  "zero_point": 85,
  "dequantized_x": [
    -1.0,
    -0.20000000298023224,
    0.0,
    0.5058823823928833,
    1.2000000476837158,
    2.0
  ],
  "mse": 5.76707088839612e-06
}