{
  "fp32_loss": 0.14259921273270412,
  "fp32_acc": 0.9658497234173326,
  "int8_loss": 0.14259369055309506,
  "int8_acc": 0.9662722802704364,
  "accuracy_drop": -0.0004225568531038837,
  "fp32_size_mb": 3.11209774017334,
  "int8_size_mb": 0.7902956008911133,
  "compression_ratio": 3.9378907546293225,
  "fp32_latency_ms": 1.8969476666582825,
  "int8_latency_ms": 2.655873000015466,
  "speedup_ratio": 0.7142463764823228,
  "backend": "fbgemm",
  "calib_size": 1024,
  "calib_batches": 20,
  "layer_output_mse": {
    "conv1": 0.0001498488738434389,
    "conv2": 2.6924032863462343e-05,
    "conv3": 0.00012549003877211363,
    "conv4": 0.00016041941998992115,
    "conv5": 8.180029253708198e-05,
    "conv6": 9.147687233053148e-05,
    "fc1": 0.0004925483663100749,
    "fc2": 0.009516716934740543
  }
}