{
  "test_metrics": {
    "loss": 0.2986666025724001,
    "accuracy": 0.9646359458661832,
    "macro_f1": 0.7274754856443952,
    "weighted_f1": 0.9647936579308212,
    "macro_precision": 0.7315137431132415,
    "macro_recall": 0.731318184304644,
    "gated_replaced": 0.0,
    "defect_macro_f1": 0.6952527730726497
  },
  "best_val_macro_f1": 0.9463886663238941,
  "best_epoch": 19,
  "class_names": [
    "Center",
    "Donut",
    "Edge-Loc",
    "Edge-Ring",
    "Loc",
    "Near-full",
    "Random",
    "Scratch",
    "Normal"
  ],
  "normal_class_idx": 8,
  "normal_class_name": "Normal",
  "defect_class_names": [
    "Center",
    "Donut",
    "Edge-Loc",
    "Edge-Ring",
    "Loc",
    "Near-full",
    "Random",
    "Scratch"
  ],
  "per_class_recall": {
    "Center": 0.7055288461538461,
    "Donut": 0.7054794520547946,
    "Edge-Loc": 0.7301587301587301,
    "Edge-Ring": 0.7992895204262878,
    "Loc": 0.5747592498732894,
    "Near-full": 0.9368421052631579,
    "Random": 0.6770428015564203,
    "Scratch": 0.4675324675324675,
    "Normal": 0.9852304857228029
  },
  "per_class_metrics": {
    "Center": {
      "precision": 0.5852442671984048,
      "recall": 0.7055288461538461,
      "f1": 0.6397820163487739,
      "support": 832
    },
    "Donut": {
      "precision": 0.544973544973545,
      "recall": 0.7054794520547946,
      "f1": 0.6149253731343284,
      "support": 146
    },
    "Edge-Loc": {
      "precision": 0.7172218284904324,
      "recall": 0.7301587301587301,
      "f1": 0.7236324633535931,
      "support": 2772
    },
    "Edge-Ring": {
      "precision": 0.8563273073263559,
      "recall": 0.7992895204262878,
      "f1": 0.8268259072117593,
      "support": 1126
    },
    "Loc": {
      "precision": 0.6513497989661114,
      "recall": 0.5747592498732894,
      "f1": 0.6106623586429726,
      "support": 1973
    },
    "Near-full": {
      "precision": 0.956989247311828,
      "recall": 0.9368421052631579,
      "f1": 0.9468085106382979,
      "support": 95
    },
    "Random": {
      "precision": 0.883248730964467,
      "recall": 0.6770428015564203,
      "f1": 0.7665198237885462,
      "support": 257
    },
    "Scratch": {
      "precision": 0.40298507462686567,
      "recall": 0.4675324675324675,
      "f1": 0.43286573146292584,
      "support": 693
    },
    "Normal": {
      "precision": 0.9852838881611635,
      "recall": 0.9852304857228029,
      "f1": 0.9852571862183599,
      "support": 110701
    }
  },
  "confusion_matrix": [
    [
      587,
      10,
      2,
      1,
      10,
      0,
      0,
      9,
      213
    ],
    [
      4,
      103,
      2,
      0,
      13,
      0,
      6,
      8,
      10
    ],
    [
      3,
      1,
      2024,
      66,
      98,
      0,
      5,
      18,
      557
    ],
    [
      1,
      0,
      67,
      900,
      0,
      0,
      1,
      1,
      156
    ],
    [
      91,
      50,
      123,
      1,
      1134,
      0,
      1,
      152,
      421
    ],
    [
      0,
      0,
      0,
      0,
      0,
      89,
      6,
      0,
      0
    ],
    [
      9,
      9,
      20,
      0,
      9,
      4,
      174,
      5,
      27
    ],
    [
      1,
      5,
      5,
      1,
      112,
      0,
      0,
      324,
      245
    ],
    [
      307,
      11,
      579,
      82,
      365,
      0,
      4,
      287,
      109066
    ]
  ],
  "classification_report": {
    "Center": {
      "precision": 0.5852442671984048,
      "recall": 0.7055288461538461,
      "f1-score": 0.6397820163487739,
      "support": 832.0
    },
    "Donut": {
      "precision": 0.544973544973545,
      "recall": 0.7054794520547946,
      "f1-score": 0.6149253731343284,
      "support": 146.0
    },
    "Edge-Loc": {
      "precision": 0.7172218284904324,
      "recall": 0.7301587301587301,
      "f1-score": 0.7236324633535931,
      "support": 2772.0
    },
    "Edge-Ring": {
      "precision": 0.8563273073263559,
      "recall": 0.7992895204262878,
      "f1-score": 0.8268259072117593,
      "support": 1126.0
    },
    "Loc": {
      "precision": 0.6513497989661114,
      "recall": 0.5747592498732894,
      "f1-score": 0.6106623586429726,
      "support": 1973.0
    },
    "Near-full": {
      "precision": 0.956989247311828,
      "recall": 0.9368421052631579,
      "f1-score": 0.9468085106382979,
      "support": 95.0
    },
    "Random": {
      "precision": 0.883248730964467,
      "recall": 0.6770428015564203,
      "f1-score": 0.7665198237885462,
      "support": 257.0
    },
    "Scratch": {
      "precision": 0.40298507462686567,
      "recall": 0.4675324675324675,
      "f1-score": 0.43286573146292584,
      "support": 693.0
    },
    "Normal": {
      "precision": 0.9852838881611635,
      "recall": 0.9852304857228029,
      "f1-score": 0.9852571862183599,
      "support": 110701.0
    },
    "accuracy": 0.9646359458661832,
    "macro avg": {
      "precision": 0.7315137431132415,
      "recall": 0.731318184304644,
      "f1-score": 0.7274754856443952,
      "support": 118595.0
    },
    "weighted avg": {
      "precision": 0.9652435198807554,
      "recall": 0.9646359458661832,
      "f1-score": 0.9647936579308212,
      "support": 118595.0
    }
  },
  "history": {
    "train_loss": [
      0.6857406182774568,
      0.36390002957360756,
      0.3193802714543937,
      0.30131870756025236,
      0.29179832307936987,
      0.2838196354097124,
      0.27613662617441015,
      0.2703453857610604,
      0.2638299238635091,
      0.25824052833585276,
      0.25452932649426524,
      0.2505350887700594,
      0.24628680507157963,
      0.243899872960207,
      0.24071315683633956,
      0.23703577427555117,
      0.23594762180924186,
      0.2342483396915354,
      0.23225877241191326,
      0.23177528744870066
    ],
    "val_loss": [
      0.35986630876245,
      0.2757315706879244,
      0.27000776512938035,
      0.25902932921782235,
      0.2622731528666372,
      0.2461022747214998,
      0.24412395026071532,
      0.24317100625105983,
      0.24214637066793407,
      0.24059423693173185,
      0.23953750341406985,
      0.2381258362103304,
      0.23742206259074386,
      0.23620811112084342,
      0.2354240529686907,
      0.23481160668377085,
      0.23447720114729234,
      0.2341173346761339,
      0.23382211727110053,
      0.2334962431007897
    ],
    "val_accuracy": [
      0.9435859700760363,
      0.9725288202109394,
      0.9725288202109394,
      0.9773117488349277,
      0.9775570272259014,
      0.9834437086092715,
      0.9845474613686535,
      0.984915378955114,
      0.9852832965415746,
      0.9854059357370616,
      0.986019131714496,
      0.9865096884964435,
      0.9868776060829041,
      0.9876134412558254,
      0.9873681628648516,
      0.9871228844738779,
      0.9868776060829041,
      0.9873681628648516,
      0.9878587196467992,
      0.9878587196467992
    ],
    "val_macro_f1": [
      0.5505739447783624,
      0.8199892748985824,
      0.8101204227041161,
      0.8827858143971822,
      0.8869098372465636,
      0.9128062148463031,
      0.9183928631048084,
      0.9248736467377542,
      0.9270857020126579,
      0.9305688760060465,
      0.9346213912344908,
      0.936102885204082,
      0.9400516127508332,
      0.9445040168279115,
      0.9418291069448288,
      0.9410981279988024,
      0.9418239621197058,
      0.9437008239762746,
      0.9463886663238941,
      0.940035106965921
    ],