{
  "test_metrics": {
    "accuracy": 0.9775276567860309,
    "macro_f1": 0.8969547200636294,
    "weighted_f1": 0.9780618937863987,
    "defect_macro_f1": 0.8852603737578968
  },
  "accuracy": 0.9775276567860309,
  "macro_f1": 0.8969547200636294,
  "weighted_f1": 0.9780618937863987,
  "class_names": [
    "Center",
    "Donut",
    "Edge-Loc",
    "Edge-Ring",
    "Loc",
    "Near-full",
    "Random",
    "Scratch",
    "Normal"
  ],
  "normal_class_idx": 8,
  "normal_class_name": "Normal",
  "defect_class_names": [
    "Center",
    "Donut",
    "Edge-Loc",
    "Edge-Ring",
    "Loc",
    "Near-full",
    "Random",
    "Scratch"
  ],
  "per_class_recall": {
    "Center": 0.9565217391304348,
    "Donut": 0.8192771084337349,
    "Edge-Loc": 0.8857509627727856,
    "Edge-Ring": 0.9841597796143251,
    "Loc": 0.8367346938775511,
    "Near-full": 1.0,
    "Random": 0.8923076923076924,
    "Scratch": 0.8659217877094972,
    "Normal": 0.9863441103323536
  },
  "per_class_metrics": {
    "Center": {
      "precision": 0.9112426035502958,
      "recall": 0.9565217391304348,
      "f1": 0.9333333333333333,
      "support": 644
    },
    "Donut": {
      "precision": 0.8292682926829268,
      "recall": 0.8192771084337349,
      "f1": 0.8242424242424242,
      "support": 83
    },
    "Edge-Loc": {
      "precision": 0.8283313325330132,
      "recall": 0.8857509627727856,
      "f1": 0.8560794044665012,
      "support": 779
    },
    "Edge-Ring": {
      "precision": 0.9794379712131597,
      "recall": 0.9841597796143251,
      "f1": 0.9817931982136723,
      "support": 1452
    },
    "Loc": {
      "precision": 0.7442244224422442,
      "recall": 0.8367346938775511,
      "f1": 0.7877729257641921,
      "support": 539
    },
    "Near-full": {
      "precision": 1.0,
      "recall": 1.0,
      "f1": 1.0,
      "support": 22
    },
    "Random": {
      "precision": 0.8992248062015504,
      "recall": 0.8923076923076924,
      "f1": 0.8957528957528957,
      "support": 130
    },
    "Scratch": {
      "precision": 0.748792270531401,
      "recall": 0.8659217877094972,
      "f1": 0.8031088082901554,
      "support": 179
    },
    "Normal": {
      "precision": 0.9947102011035615,
      "recall": 0.9863441103323536,
      "f1": 0.9905094905094906,
      "support": 22115
    }
  },
  "classification_report": {
    "Center": {
      "precision": 0.9112426035502958,
      "recall": 0.9565217391304348,
      "f1-score": 0.9333333333333333,
      "support": 644.0
    },
    "Donut": {
      "precision": 0.8292682926829268,
      "recall": 0.8192771084337349,
      "f1-score": 0.8242424242424242,
      "support": 83.0
    },
    "Edge-Loc": {
      "precision": 0.8283313325330132,
      "recall": 0.8857509627727856,
      "f1-score": 0.8560794044665012,
      "support": 779.0
    },
    "Edge-Ring": {
      "precision": 0.9794379712131597,
      "recall": 0.9841597796143251,
      "f1-score": 0.9817931982136723,
      "support": 1452.0
    },
    "Loc": {
      "precision": 0.7442244224422442,
      "recall": 0.8367346938775511,
      "f1-score": 0.7877729257641921,
      "support": 539.0
    },
    "Near-full": {
      "precision": 1.0,
      "recall": 1.0,
      "f1-score": 1.0,
      "support": 22.0
    },
    "Random": {
      "precision": 0.8992248062015504,
      "recall": 0.8923076923076924,
      "f1-score": 0.8957528957528957,
      "support": 130.0
    },
    "Scratch": {
      "precision": 0.748792270531401,
      "recall": 0.8659217877094972,
      "f1-score": 0.8031088082901554,
      "support": 179.0
    },
    "Normal": {
      "precision": 0.9947102011035615,
      "recall": 0.9863441103323536,
      "f1-score": 0.9905094905094906,
      "support": 22115.0
    },
    "accuracy": 0.9775276567860309,
    "macro avg": {
      "precision": 0.8816924333620171,
      "recall": 0.9141130971309305,
      "f1-score": 0.8969547200636294,
      "support": 25943.0
    },
    "weighted avg": {
      "precision": 0.9788833076188858,
      "recall": 0.9775276567860309,
      "f1-score": 0.9780618937863987,
      "support": 25943.0
    }
  },
  "confusion_matrix": [
    [
      616,
      1,
      0,
      0,
      11,
      0,
      1,
      0,
      15
    ],
    [
      3,
      68,
      1,
      0,
      7,
      0,
      2,
      1,
      1
    ],
    [
      3,
      0,
      690,
      13,
      25,
      0,
      0,
      1,
      47
    ],
    [
      1,
      1,
      12,
      1429,
      0,
      0,
      1,
      1,
      7
    ],
    [
      12,
      6,
      23,
      1,
      451,
      0,
      1,
      14,
      31
    ],
    [
      0,
      0,
      0,
      0,
      0,
      22,
      0,
      0,
      0
    ],
    [
      3,
      1,
      6,
      0,
      2,
      0,
      116,
      0,
      2
    ],
    [
      0,
      2,
      0,
      0,
      8,
      0,
      1,
      155,
      13
    ],
    [
      38,
      3,
      101,
      16,
      102,
      0,
      7,
      35,
      21813
    ]
  ],
  "binary_confusion_matrix": [
    [
      21813,
      302
    ],
    [
      116,
      3712
    ]
  ],
  "normal_as_defect_count": 302,
  "defect_as_normal_count": 116,
  "normal_as_defect_rate": 0.013655889667646394,
  "defect_as_normal_rate": 0.030303030303030304,
  "best_val_macro_f1": 0.9684474559965272,
  "best_epoch": 14,
  "history": {
    "train_loss": [
      0.19922586938350662,
      0.1587479311035195,
      0.1504467411808286,
      0.1475748959346559,
      0.143348635693445,
      0.14036541634887853,
      0.1355907203809194,
      0.13433855180915077,
      0.13197376973558259,
      0.12939541286937875,
      0.12739194665607076,
      0.12807038512755659,
      0.12492783663530135,
      0.12423073225816826,
      0.12286977743563661,
      0.12107022120925351,
      0.12095988143193842,
      0.11990186398869693,
      0.11941621056482464,
      0.11853694928473855
    ],
    "val_loss": [
      0.06580960606582567,
      0.08496463235156214,
      0.08119064219790233,
      0.07273695118892158,
      0.09661746102511981,
      0.0950041378537048,
      0.05838673088536024,
      0.068301516965687,
      0.061268464624835796,
      0.05689871001409817,
      0.07874617218949426,
      0.06089276598853824,
      0.05406974534584637,
      0.05179562700740545,
      0.05518428392075621,
      0.05918707738804619,
      0.05987190811888767,
      0.060195002225107215,
      0.054811377013102534,
      0.055908531173836803
    ],
    "val_accuracy": [
      0.9799560575106965,
      0.9726708553366997,
      0.9726708553366997,
      0.9745596114558841,
      0.9650772848167135,
      0.9635354430867672,
      0.9810738927649076,
      0.9761014531858305,
      0.9806113402459238,
      0.9811895308946537,
      0.9717842963419805,
      0.979108044559226,
      0.9822302740623675,
      0.9837721157923139,
      0.9819989978028756,
      0.9805342481594265,
      0.9795320510349612,
      0.9798404193809506,
      0.9814208071541456,
      0.9805727942026751
    ],
    "val_macro_f1": [
      0.9601871405900755,
      0.9484130658284226,
      0.9484542058763217,
      0.9517128860145054,
      0.9359979934870564,
      0.9335262404264222,
      0.9634300209805757,
      0.954730454276843,
      0.9627517433344521,
      0.9637396990450218,
      0.9474448878406629,
      0.9601209095638101,
      0.9656359882172959,
      0.9684474559965272,
      0.9652534972775215,
      0.9627865799253246,
      0.9609500864825229,
      0.9615695950621017,
      0.9642591727501262,
      0.9627730685953683
    ],